distance_range,start_zone,total_frequency,district,city,city_code,population_district
[0-790],440306,208595,宝安区,深圳市,V0440300,4476554
[0-790],442000,178185,中山市,中山市,V0442000,4418060
[0-790],440307,124474,龙岗区,深圳市,V0440300,4135273
[0-790],440111,227738,白云区,广州市,V0440100,3742991
[0-790],440605,147852,南海区,佛山市,V0440600,3667247
[0-790],440606,115751,顺德区,佛山市,V0440600,3229090
[0-790],440113,129276,番禺区,广州市,V0440100,2658397
[0-790],440309,101423,龙华区,深圳市,V0440300,2528872
[0-790],440106,139508,天河区,广州市,V0440100,2241826
[0-790],440105,116838,海珠区,广州市,V0440100,1819037
[0-790],440305,80203,南山区,深圳市,V0440300,1795826
[0-790],440114,94278,花都区,广州市,V0440100,1642360
[0-790],440304,84960,福田区,深圳市,V0440300,1553225
[0-790],440118,59773,增城区,广州市,V0440100,1466331
[0-790],440402,88621,香洲区,珠海市,V0440400,1384317
[0-790],440604,76810,禅城区,佛山市,V0440600,1330262
[0-790],440112,61146,黄埔区,广州市,V0440100,1264447
[0-790],440103,46726,荔湾区,广州市,V0440100,1238305
[0-790],440303,44283,罗湖区,深圳市,V0440300,1143801
[0-790],440104,74950,越秀区,广州市,V0440100,1038643
[0-790],441323,11816,惠东县,惠州市,V0441300,1018076
[0-790],440705,23218,新会区,江门市,V0440700,909277
[0-790],440781,16359,台山市,江门市,V0440700,907744
[0-790],440703,46290,蓬江区,江门市,V0440700,853007
[0-790],440115,24363,南沙区,广州市,V0440100,846584
[0-790],441224,4002,怀集县,肇庆市,V0441200,805177
[0-790],440607,20097,三水区,佛山市,V0440600,803226
[0-790],440783,19998,开平市,江门市,V0440700,748777
[0-790],441204,8345,高要区,肇庆市,V0441200,741591
[0-790],440117,25749,从化区,广州市,V0440100,717684
[0-790],441284,13070,四会市,肇庆市,V0441200,640910
[0-790],440403,14010,斗门区,珠海市,V0440400,608899
[0-790],441202,14413,端州区,肇庆市,V0441200,602402
[0-790],440310,25529,坪山区,深圳市,V0440300,551333
[0-790],440784,16160,鹤山市,江门市,V0440700,530684
[0-790],440785,10392,恩平市,江门市,V0440700,483907
[0-790],440608,13412,高明区,佛山市,V0440600,469038
[0-790],440404,14549,金湾区,珠海市,V0440400,446369
[0-790],441223,3854,广宁县,肇庆市,V0441200,408112
[0-790],441225,1745,封开县,肇庆市,V0441200,374848
[0-790],440704,17910,江海区,江门市,V0440700,364694
[0-790],441226,3543,德庆县,肇庆市,V0441200,331438
[0-790],441324,1335,龙门县,惠州市,V0441300,319183
[11180-18469],440306,210845,宝安区,深圳市,V0440300,4476554
[11180-18469],442000,161462,中山市,中山市,V0442000,4418060
[11180-18469],440307,135562,龙岗区,深圳市,V0440300,4135273
[11180-18469],440111,270751,白云区,广州市,V0440100,3742991
[11180-18469],440605,214914,南海区,佛山市,V0440600,3667247
[11180-18469],440606,122786,顺德区,佛山市,V0440600,3229090
[11180-18469],440113,177399,番禺区,广州市,V0440100,2658397
[11180-18469],440309,132813,龙华区,深圳市,V0440300,2528872
[11180-18469],440106,201249,天河区,广州市,V0440100,2241826
[11180-18469],441302,90107,惠城区,惠州市,V0441300,2090578
[11180-18469],440105,111474,海珠区,广州市,V0440100,1819037
[11180-18469],440305,160369,南山区,深圳市,V0440300,1795826
[11180-18469],440114,61637,花都区,广州市,V0440100,1642360
[11180-18469],440304,153872,福田区,深圳市,V0440300,1553225
[11180-18469],440118,48721,增城区,广州市,V0440100,1466331
[11180-18469],441303,42373,惠阳区,惠州市,V0441300,1404137
[11180-18469],440402,72298,香洲区,珠海市,V0440400,1384317
[11180-18469],440604,61684,禅城区,佛山市,V0440600,1330262
[11180-18469],440112,95153,黄埔区,广州市,V0440100,1264447
[11180-18469],440103,64145,荔湾区,广州市,V0440100,1238305
[11180-18469],441322,28628,博罗县,惠州市,V0441300,1210878
[11180-18469],440303,57063,罗湖区,深圳市,V0440300,1143801
[11180-18469],440104,100504,越秀区,广州市,V0440100,1038643
[11180-18469],441323,11240,惠东县,惠州市,V0441300,1018076
[11180-18469],440705,23951,新会区,江门市,V0440700,909277
[11180-18469],440781,13584,台山市,江门市,V0440700,907744
[11180-18469],440703,19265,蓬江区,江门市,V0440700,853007
[11180-18469],440115,39788,南沙区,广州市,V0440100,846584
[11180-18469],441224,5200,怀集县,肇庆市,V0441200,805177
[11180-18469],440607,27051,三水区,佛山市,V0440600,803226
[11180-18469],440783,15423,开平市,江门市,V0440700,748777
[11180-18469],441204,14973,高要区,肇庆市,V0441200,741591
[11180-18469],440117,18761,从化区,广州市,V0440100,717684
[11180-18469],441284,14879,四会市,肇庆市,V0441200,640910
[11180-18469],440403,18810,斗门区,珠海市,V0440400,608899
[11180-18469],441202,9992,端州区,肇庆市,V0441200,602402
[11180-18469],440310,19222,坪山区,深圳市,V0440300,551333
[11180-18469],440784,9714,鹤山市,江门市,V0440700,530684
[11180-18469],440785,7914,恩平市,江门市,V0440700,483907
[11180-18469],440608,14700,高明区,佛山市,V0440600,469038
[11180-18469],440404,17294,金湾区,珠海市,V0440400,446369
[11180-18469],441223,8134,广宁县,肇庆市,V0441200,408112
[11180-18469],441225,2957,封开县,肇庆市,V0441200,374848
[11180-18469],440704,7800,江海区,江门市,V0440700,364694
[11180-18469],441226,3861,德庆县,肇庆市,V0441200,331438
[11180-18469],441324,3475,龙门县,惠州市,V0441300,319183
[11180-18469],441203,9699,鼎湖区,肇庆市,V0441200,209116
[1767-2500],440306,243723,宝安区,深圳市,V0440300,4476554
[1767-2500],442000,263119,中山市,中山市,V0442000,4418060
[1767-2500],440307,134730,龙岗区,深圳市,V0440300,4135273
[1767-2500],440111,227083,白云区,广州市,V0440100,3742991
[1767-2500],440605,193201,南海区,佛山市,V0440600,3667247
[1767-2500],440606,182138,顺德区,佛山市,V0440600,3229090
[1767-2500],440113,160952,番禺区,广州市,V0440100,2658397
[1767-2500],440309,106103,龙华区,深圳市,V0440300,2528872
[1767-2500],440106,153574,天河区,广州市,V0440100,2241826
[1767-2500],441302,55168,惠城区,惠州市,V0441300,2090578
[1767-2500],440105,110714,海珠区,广州市,V0440100,1819037
[1767-2500],440305,111007,南山区,深圳市,V0440300,1795826
[1767-2500],440114,115291,花都区,广州市,V0440100,1642360
[1767-2500],440304,91341,福田区,深圳市,V0440300,1553225
[1767-2500],440118,74840,增城区,广州市,V0440100,1466331
[1767-2500],440402,87589,香洲区,珠海市,V0440400,1384317
[1767-2500],440604,97955,禅城区,佛山市,V0440600,1330262
[1767-2500],440112,87527,黄埔区,广州市,V0440100,1264447
[1767-2500],440103,56408,荔湾区,广州市,V0440100,1238305
[1767-2500],441322,10976,博罗县,惠州市,V0441300,1210878
[1767-2500],440303,46707,罗湖区,深圳市,V0440300,1143801
[1767-2500],440104,81772,越秀区,广州市,V0440100,1038643
[1767-2500],441323,13758,惠东县,惠州市,V0441300,1018076
[1767-2500],440705,29640,新会区,江门市,V0440700,909277
[1767-2500],440781,19805,台山市,江门市,V0440700,907744
[1767-2500],440703,59772,蓬江区,江门市,V0440700,853007
[1767-2500],440115,34863,南沙区,广州市,V0440100,846584
[1767-2500],441224,3055,怀集县,肇庆市,V0441200,805177
[1767-2500],440607,28338,三水区,佛山市,V0440600,803226
[1767-2500],440783,26534,开平市,江门市,V0440700,748777
[1767-2500],441204,8648,高要区,肇庆市,V0441200,741591
[1767-2500],440117,25380,从化区,广州市,V0440100,717684
[1767-2500],441284,10789,四会市,肇庆市,V0441200,640910
[1767-2500],440403,16029,斗门区,珠海市,V0440400,608899
[1767-2500],441202,18831,端州区,肇庆市,V0441200,602402
[1767-2500],440310,30168,坪山区,深圳市,V0440300,551333
[1767-2500],440784,16825,鹤山市,江门市,V0440700,530684
[1767-2500],440785,13790,恩平市,江门市,V0440700,483907
[1767-2500],440608,19187,高明区,佛山市,V0440600,469038
[1767-2500],440404,13963,金湾区,珠海市,V0440400,446369
[1767-2500],441223,3951,广宁县,肇庆市,V0441200,408112
[1767-2500],441225,1171,封开县,肇庆市,V0441200,374848
[1767-2500],440704,22797,江海区,江门市,V0440700,364694
[1767-2500],441226,4115,德庆县,肇庆市,V0441200,331438
[18469-35640],442000,135730,中山市,中山市,V0442000,4418060
[18469-35640],440307,144213,龙岗区,深圳市,V0440300,4135273
[18469-35640],440111,203278,白云区,广州市,V0440100,3742991
[18469-35640],440605,180253,南海区,佛山市,V0440600,3667247
[18469-35640],440606,126464,顺德区,佛山市,V0440600,3229090
[18469-35640],440113,145246,番禺区,广州市,V0440100,2658397
[18469-35640],440309,83085,龙华区,深圳市,V0440300,2528872
[18469-35640],440106,120893,天河区,广州市,V0440100,2241826
[18469-35640],441302,84391,惠城区,惠州市,V0441300,2090578
[18469-35640],440105,54167,海珠区,广州市,V0440100,1819037
[18469-35640],440305,114163,南山区,深圳市,V0440300,1795826
[18469-35640],440114,93930,花都区,广州市,V0440100,1642360
[18469-35640],440304,90493,福田区,深圳市,V0440300,1553225
[18469-35640],440118,72513,增城区,广州市,V0440100,1466331
[18469-35640],441303,64365,惠阳区,惠州市,V0441300,1404137
[18469-35640],440402,51881,香洲区,珠海市,V0440400,1384317
[18469-35640],440604,58597,禅城区,佛山市,V0440600,1330262
[18469-35640],440112,102112,黄埔区,广州市,V0440100,1264447
[18469-35640],440103,34479,荔湾区,广州市,V0440100,1238305
[18469-35640],441322,32859,博罗县,惠州市,V0441300,1210878
[18469-35640],440303,57563,罗湖区,深圳市,V0440300,1143801
[18469-35640],440104,62002,越秀区,广州市,V0440100,1038643
[18469-35640],441323,29868,惠东县,惠州市,V0441300,1018076
[18469-35640],440705,18042,新会区,江门市,V0440700,909277
[18469-35640],440781,13277,台山市,江门市,V0440700,907744
[18469-35640],440703,12233,蓬江区,江门市,V0440700,853007
[18469-35640],440115,42955,南沙区,广州市,V0440100,846584
[18469-35640],441224,5556,怀集县,肇庆市,V0441200,805177
[18469-35640],440607,39244,三水区,佛山市,V0440600,803226
[18469-35640],440783,8489,开平市,江门市,V0440700,748777
[18469-35640],441204,38444,高要区,肇庆市,V0441200,741591
[18469-35640],440117,14352,从化区,广州市,V0440100,717684
[18469-35640],441284,28608,四会市,肇庆市,V0441200,640910
[18469-35640],440403,29937,斗门区,珠海市,V0440400,608899
[18469-35640],441202,25334,端州区,肇庆市,V0441200,602402
[18469-35640],440310,22293,坪山区,深圳市,V0440300,551333
[18469-35640],440784,12150,鹤山市,江门市,V0440700,530684
[18469-35640],440785,4022,恩平市,江门市,V0440700,483907
[18469-35640],440608,16128,高明区,佛山市,V0440600,469038
[18469-35640],440404,29690,金湾区,珠海市,V0440400,446369
[18469-35640],441223,7888,广宁县,肇庆市,V0441200,408112
[18469-35640],441225,2525,封开县,肇庆市,V0441200,374848
[18469-35640],440704,4161,江海区,江门市,V0440700,364694
[18469-35640],441226,3736,德庆县,肇庆市,V0441200,331438
[18469-35640],441324,2438,龙门县,惠州市,V0441300,319183
[2500-3605],440306,237715,宝安区,深圳市,V0440300,4476554
[2500-3605],442000,325227,中山市,中山市,V0442000,4418060
[2500-3605],440307,139064,龙岗区,深圳市,V0440300,4135273
[2500-3605],440111,230264,白云区,广州市,V0440100,3742991
[2500-3605],440605,225682,南海区,佛山市,V0440600,3667247
[2500-3605],440606,198130,顺德区,佛山市,V0440600,3229090
[2500-3605],440113,168991,番禺区,广州市,V0440100,2658397
[2500-3605],440309,103555,龙华区,深圳市,V0440300,2528872
[2500-3605],440106,162356,天河区,广州市,V0440100,2241826
[2500-3605],441302,75399,惠城区,惠州市,V0441300,2090578
[2500-3605],440105,116235,海珠区,广州市,V0440100,1819037
[2500-3605],440305,126698,南山区,深圳市,V0440300,1795826
[2500-3605],440114,124495,花都区,广州市,V0440100,1642360
[2500-3605],440304,104103,福田区,深圳市,V0440300,1553225
[2500-3605],440118,79977,增城区,广州市,V0440100,1466331
[2500-3605],441303,33464,惠阳区,惠州市,V0441300,1404137
[2500-3605],440402,102936,香洲区,珠海市,V0440400,1384317
[2500-3605],440604,110566,禅城区,佛山市,V0440600,1330262
[2500-3605],440112,102068,黄埔区,广州市,V0440100,1264447
[2500-3605],440103,62270,荔湾区,广州市,V0440100,1238305
[2500-3605],440303,50274,罗湖区,深圳市,V0440300,1143801
[2500-3605],440104,97652,越秀区,广州市,V0440100,1038643
[2500-3605],441323,16527,惠东县,惠州市,V0441300,1018076
[2500-3605],440705,31473,新会区,江门市,V0440700,909277
[2500-3605],440781,22642,台山市,江门市,V0440700,907744
[2500-3605],440703,67839,蓬江区,江门市,V0440700,853007
[2500-3605],440115,44062,南沙区,广州市,V0440100,846584
[2500-3605],441224,1991,怀集县,肇庆市,V0441200,805177
[2500-3605],440607,35242,三水区,佛山市,V0440600,803226
[2500-3605],440783,27306,开平市,江门市,V0440700,748777
[2500-3605],441204,12838,高要区,肇庆市,V0441200,741591
[2500-3605],440117,27925,从化区,广州市,V0440100,717684
[2500-3605],441284,18432,四会市,肇庆市,V0441200,640910
[2500-3605],440403,17532,斗门区,珠海市,V0440400,608899
[2500-3605],441202,25712,端州区,肇庆市,V0441200,602402
[2500-3605],440310,31224,坪山区,深圳市,V0440300,551333
[2500-3605],440784,19452,鹤山市,江门市,V0440700,530684
[2500-3605],440785,14859,恩平市,江门市,V0440700,483907
[2500-3605],440608,19035,高明区,佛山市,V0440600,469038
[2500-3605],440404,15199,金湾区,珠海市,V0440400,446369
[2500-3605],441223,2871,广宁县,肇庆市,V0441200,408112
[2500-3605],441225,1299,封开县,肇庆市,V0441200,374848
[2500-3605],440704,26314,江海区,江门市,V0440700,364694
[2500-3605],441226,3779,德庆县,肇庆市,V0441200,331438
[2500-3605],441324,913,龙门县,惠州市,V0441300,319183
[2500-3605],440308,5237,盐田区,深圳市,V0440300,214225
[2500-3605],441203,4377,鼎湖区,肇庆市,V0441200,209116
[35640-1170548],440306,102806,宝安区,深圳市,V0440300,4476554
[35640-1170548],442000,90310,中山市,中山市,V0442000,4418060
[35640-1170548],440307,71125,龙岗区,深圳市,V0440300,4135273
[35640-1170548],440111,84362,白云区,广州市,V0440100,3742991
[35640-1170548],440605,98147,南海区,佛山市,V0440600,3667247
[35640-1170548],440606,73855,顺德区,佛山市,V0440600,3229090
[35640-1170548],440113,125141,番禺区,广州市,V0440100,2658397
[35640-1170548],440309,32103,龙华区,深圳市,V0440300,2528872
[35640-1170548],440106,59340,天河区,广州市,V0440100,2241826
[35640-1170548],441302,125794,惠城区,惠州市,V0441300,2090578
[35640-1170548],440105,36545,海珠区,广州市,V0440100,1819037
[35640-1170548],440305,78049,南山区,深圳市,V0440300,1795826
[35640-1170548],440114,73796,花都区,广州市,V0440100,1642360
[35640-1170548],440304,30329,福田区,深圳市,V0440300,1553225
[35640-1170548],440118,59868,增城区,广州市,V0440100,1466331
[35640-1170548],441303,87516,惠阳区,惠州市,V0441300,1404137
[35640-1170548],440402,37473,香洲区,珠海市,V0440400,1384317
[35640-1170548],440604,25757,禅城区,佛山市,V0440600,1330262
[35640-1170548],440112,40699,黄埔区,广州市,V0440100,1264447
[35640-1170548],440103,21610,荔湾区,广州市,V0440100,1238305
[35640-1170548],441322,85114,博罗县,惠州市,V0441300,1210878
[35640-1170548],440303,22165,罗湖区,深圳市,V0440300,1143801
[35640-1170548],440104,45387,越秀区,广州市,V0440100,1038643
[35640-1170548],441323,58492,惠东县,惠州市,V0441300,1018076
[35640-1170548],440705,14238,新会区,江门市,V0440700,909277
[35640-1170548],440781,17485,台山市,江门市,V0440700,907744
[35640-1170548],440703,16173,蓬江区,江门市,V0440700,853007
[35640-1170548],440115,62564,南沙区,广州市,V0440100,846584
[35640-1170548],441224,23973,怀集县,肇庆市,V0441200,805177
[35640-1170548],440607,23745,三水区,佛山市,V0440600,803226
[35640-1170548],440783,12989,开平市,江门市,V0440700,748777
[35640-1170548],441204,25749,高要区,肇庆市,V0441200,741591
[35640-1170548],440117,38596,从化区,广州市,V0440100,717684
[35640-1170548],441284,33176,四会市,肇庆市,V0441200,640910
[35640-1170548],440403,12281,斗门区,珠海市,V0440400,608899
[35640-1170548],441202,31698,端州区,肇庆市,V0441200,602402
[35640-1170548],440310,32590,坪山区,深圳市,V0440300,551333
[35640-1170548],440784,11403,鹤山市,江门市,V0440700,530684
[35640-1170548],440785,7632,恩平市,江门市,V0440700,483907
[35640-1170548],440608,18863,高明区,佛山市,V0440600,469038
[35640-1170548],440404,16507,金湾区,珠海市,V0440400,446369
[35640-1170548],441223,26456,广宁县,肇庆市,V0441200,408112
[35640-1170548],441225,3707,封开县,肇庆市,V0441200,374848
[35640-1170548],440704,5825,江海区,江门市,V0440700,364694
[35640-1170548],441226,7473,德庆县,肇庆市,V0441200,331438
[35640-1170548],441324,12631,龙门县,惠州市,V0441300,319183
[35640-1170548],440308,7260,盐田区,深圳市,V0440300,214225
[35640-1170548],441203,7215,鼎湖区,肇庆市,V0441200,209116
[18469-35640],440308,6512,盐田区,深圳市,V0440300,214225
[790-1767],440306,360514,宝安区,深圳市,V0440300,4476554
[790-1767],442000,277738,中山市,中山市,V0442000,4418060
[790-1767],440307,199791,龙岗区,深圳市,V0440300,4135273
[790-1767],440111,345389,白云区,广州市,V0440100,3742991
[790-1767],440605,225572,南海区,佛山市,V0440600,3667247
[790-1767],440606,198196,顺德区,佛山市,V0440600,3229090
[790-1767],440113,211440,番禺区,广州市,V0440100,2658397
[790-1767],440309,171411,龙华区,深圳市,V0440300,2528872
[790-1767],440106,232312,天河区,广州市,V0440100,2241826
[790-1767],441302,50133,惠城区,惠州市,V0441300,2090578
[790-1767],440105,173786,海珠区,广州市,V0440100,1819037
[790-1767],440305,150288,南山区,深圳市,V0440300,1795826
[790-1767],440114,138255,花都区,广州市,V0440100,1642360
[790-1767],440304,136159,福田区,深圳市,V0440300,1553225
[790-1767],440118,88595,增城区,广州市,V0440100,1466331
[790-1767],440402,135109,香洲区,珠海市,V0440400,1384317
[790-1767],440604,126521,禅城区,佛山市,V0440600,1330262
[790-1767],440112,103067,黄埔区,广州市,V0440100,1264447
[790-1767],440103,73664,荔湾区,广州市,V0440100,1238305
[790-1767],440303,71591,罗湖区,深圳市,V0440300,1143801
[790-1767],440104,115089,越秀区,广州市,V0440100,1038643
[790-1767],441323,16326,惠东县,惠州市,V0441300,1018076
[790-1767],440705,35331,新会区,江门市,V0440700,909277
[790-1767],440781,24797,台山市,江门市,V0440700,907744
[790-1767],440703,69130,蓬江区,江门市,V0440700,853007
[790-1767],440115,35493,南沙区,广州市,V0440100,846584
[790-1767],441224,5691,怀集县,肇庆市,V0441200,805177
[790-1767],440607,29984,三水区,佛山市,V0440600,803226
[790-1767],440783,30144,开平市,江门市,V0440700,748777
[790-1767],441204,10112,高要区,肇庆市,V0441200,741591
[790-1767],440117,35081,从化区,广州市,V0440100,717684
[790-1767],441284,10659,四会市,肇庆市,V0441200,640910
[790-1767],440403,22321,斗门区,珠海市,V0440400,608899
[790-1767],441202,21274,端州区,肇庆市,V0441200,602402
[790-1767],440310,42070,坪山区,深圳市,V0440300,551333
[790-1767],440784,20820,鹤山市,江门市,V0440700,530684
[790-1767],440785,15190,恩平市,江门市,V0440700,483907
[790-1767],440608,22834,高明区,佛山市,V0440600,469038
[790-1767],440404,20684,金湾区,珠海市,V0440400,446369
[790-1767],441223,5071,广宁县,肇庆市,V0441200,408112
[790-1767],441225,1777,封开县,肇庆市,V0441200,374848
[790-1767],440704,27512,江海区,江门市,V0440700,364694
[790-1767],441226,4089,德庆县,肇庆市,V0441200,331438
[790-1767],441324,1161,龙门县,惠州市,V0441300,319183
[790-1767],440308,9053,盐田区,深圳市,V0440300,214225
[790-1767],441203,3166,鼎湖区,肇庆市,V0441200,209116
[3605-5255],440103,63797,荔湾区,广州市,V0440100,1238305
[3605-5255],440104,108299,越秀区,广州市,V0440100,1038643
[3605-5255],440105,115324,海珠区,广州市,V0440100,1819037
[3605-5255],440106,171213,天河区,广州市,V0440100,2241826
[3605-5255],440111,210135,白云区,广州市,V0440100,3742991
[3605-5255],440112,93208,黄埔区,广州市,V0440100,1264447
[3605-5255],440113,150636,番禺区,广州市,V0440100,2658397
[3605-5255],440114,110463,花都区,广州市,V0440100,1642360
[3605-5255],440115,48827,南沙区,广州市,V0440100,846584
[3605-5255],440117,26028,从化区,广州市,V0440100,717684
[3605-5255],440118,72356,增城区,广州市,V0440100,1466331
[3605-5255],440303,47921,罗湖区,深圳市,V0440300,1143801
[3605-5255],440304,101224,福田区,深圳市,V0440300,1553225
[3605-5255],440305,126203,南山区,深圳市,V0440300,1795826
[3605-5255],440306,199369,宝安区,深圳市,V0440300,4476554
[3605-5255],440307,122177,龙岗区,深圳市,V0440300,4135273
[3605-5255],440308,5977,盐田区,深圳市,V0440300,214225
[3605-5255],440309,88663,龙华区,深圳市,V0440300,2528872
[3605-5255],440310,25146,坪山区,深圳市,V0440300,551333
[3605-5255],440402,114726,香洲区,珠海市,V0440400,1384317
[3605-5255],440403,16091,斗门区,珠海市,V0440400,608899
[3605-5255],440404,16480,金湾区,珠海市,V0440400,446369
[3605-5255],440604,104090,禅城区,佛山市,V0440600,1330262
[3605-5255],440605,226830,南海区,佛山市,V0440600,3667247
[3605-5255],440606,175960,顺德区,佛山市,V0440600,3229090
[3605-5255],440607,33459,三水区,佛山市,V0440600,803226
[3605-5255],440608,17236,高明区,佛山市,V0440600,469038
[3605-5255],440703,58139,蓬江区,江门市,V0440700,853007
[3605-5255],440704,25540,江海区,江门市,V0440700,364694
[3605-5255],440705,28043,新会区,江门市,V0440700,909277
[3605-5255],440781,19220,台山市,江门市,V0440700,907744
[3605-5255],440783,20301,开平市,江门市,V0440700,748777
[3605-5255],440784,17584,鹤山市,江门市,V0440700,530684
[3605-5255],440785,10716,恩平市,江门市,V0440700,483907
[3605-5255],441202,33551,端州区,肇庆市,V0441200,602402
[3605-5255],441203,7444,鼎湖区,肇庆市,V0441200,209116
[3605-5255],441204,13757,高要区,肇庆市,V0441200,741591
[3605-5255],441223,3093,广宁县,肇庆市,V0441200,408112
[3605-5255],441224,3655,怀集县,肇庆市,V0441200,805177
[3605-5255],441225,1909,封开县,肇庆市,V0441200,374848
[3605-5255],441226,2271,德庆县,肇庆市,V0441200,331438
[3605-5255],441284,21169,四会市,肇庆市,V0441200,640910
[3605-5255],441302,85302,惠城区,惠州市,V0441300,2090578
[3605-5255],441303,40353,惠阳区,惠州市,V0441300,1404137
[3605-5255],441322,17973,博罗县,惠州市,V0441300,1210878
[3605-5255],441323,15633,惠东县,惠州市,V0441300,1018076
[3605-5255],441324,1994,龙门县,惠州市,V0441300,319183
[3605-5255],442000,308045,中山市,中山市,V0442000,4418060
[5255-7458],440103,66173,荔湾区,广州市,V0440100,1238305
[5255-7458],440104,128014,越秀区,广州市,V0440100,1038643
[5255-7458],440105,131520,海珠区,广州市,V0440100,1819037
[5255-7458],440106,205082,天河区,广州市,V0440100,2241826
[5255-7458],440111,228968,白云区,广州市,V0440100,3742991
[5255-7458],440112,88867,黄埔区,广州市,V0440100,1264447
[5255-7458],440113,139181,番禺区,广州市,V0440100,2658397
[5255-7458],440114,91749,花都区,广州市,V0440100,1642360
[5255-7458],440115,50844,南沙区,广州市,V0440100,846584
[5255-7458],440117,24216,从化区,广州市,V0440100,717684
[5255-7458],440118,64930,增城区,广州市,V0440100,1466331
[5255-7458],440303,52910,罗湖区,深圳市,V0440300,1143801
[5255-7458],440304,101211,福田区,深圳市,V0440300,1553225
[5255-7458],440305,124504,南山区,深圳市,V0440300,1795826
[5255-7458],440306,185535,宝安区,深圳市,V0440300,4476554
[5255-7458],440307,124312,龙岗区,深圳市,V0440300,4135273
[5255-7458],440308,4293,盐田区,深圳市,V0440300,214225
[5255-7458],440309,86285,龙华区,深圳市,V0440300,2528872
[5255-7458],440310,23399,坪山区,深圳市,V0440300,551333
[5255-7458],440402,110733,香洲区,珠海市,V0440400,1384317
[5255-7458],440403,17180,斗门区,珠海市,V0440400,608899
[5255-7458],440404,17206,金湾区,珠海市,V0440400,446369
[5255-7458],440604,96369,禅城区,佛山市,V0440600,1330262
[5255-7458],440605,231961,南海区,佛山市,V0440600,3667247
[5255-7458],440606,153115,顺德区,佛山市,V0440600,3229090
[5255-7458],440607,31449,三水区,佛山市,V0440600,803226
[5255-7458],440608,16429,高明区,佛山市,V0440600,469038
[5255-7458],440703,48399,蓬江区,江门市,V0440700,853007
[5255-7458],440704,23189,江海区,江门市,V0440700,364694
[5255-7458],440705,28410,新会区,江门市,V0440700,909277
[5255-7458],440781,19504,台山市,江门市,V0440700,907744
[5255-7458],440783,18083,开平市,江门市,V0440700,748777
[5255-7458],440784,15916,鹤山市,江门市,V0440700,530684
[5255-7458],440785,8798,恩平市,江门市,V0440700,483907
[5255-7458],441202,34219,端州区,肇庆市,V0441200,602402
[5255-7458],441203,6898,鼎湖区,肇庆市,V0441200,209116
[5255-7458],441204,16353,高要区,肇庆市,V0441200,741591
[5255-7458],441223,3778,广宁县,肇庆市,V0441200,408112
[5255-7458],441224,3921,怀集县,肇庆市,V0441200,805177
[5255-7458],441225,2503,封开县,肇庆市,V0441200,374848
[5255-7458],441226,2372,德庆县,肇庆市,V0441200,331438
[5255-7458],441284,19023,四会市,肇庆市,V0441200,640910
[5255-7458],441302,86704,惠城区,惠州市,V0441300,2090578
[5255-7458],441303,43688,惠阳区,惠州市,V0441300,1404137
[5255-7458],441322,20235,博罗县,惠州市,V0441300,1210878
[5255-7458],441323,14276,惠东县,惠州市,V0441300,1018076
[5255-7458],441324,2788,龙门县,惠州市,V0441300,319183
[5255-7458],441900,2,东莞市,东莞市,V0441900,10466625
[5255-7458],442000,268220,中山市,中山市,V0442000,4418060
[7458-11180],440103,69869,荔湾区,广州市,V0440100,1238305
[7458-11180],440104,129752,越秀区,广州市,V0440100,1038643
[7458-11180],440105,132336,海珠区,广州市,V0440100,1819037
[7458-11180],440106,234777,天河区,广州市,V0440100,2241826
[7458-11180],440111,250358,白云区,广州市,V0440100,3742991
[7458-11180],440112,94419,黄埔区,广州市,V0440100,1264447
[7458-11180],440113,152265,番禺区,广州市,V0440100,2658397
[7458-11180],440114,75366,花都区,广州市,V0440100,1642360
[7458-11180],440115,46269,南沙区,广州市,V0440100,846584
[7458-11180],440117,22427,从化区,广州市,V0440100,717684
[7458-11180],440118,52172,增城区,广州市,V0440100,1466331
[7458-11180],440303,56717,罗湖区,深圳市,V0440300,1143801
[7458-11180],440304,137465,福田区,深圳市,V0440300,1553225
[7458-11180],440305,144564,南山区,深圳市,V0440300,1795826
[7458-11180],440306,195175,宝安区,深圳市,V0440300,4476554
[7458-11180],440307,151126,龙岗区,深圳市,V0440300,4135273
[7458-11180],440308,5714,盐田区,深圳市,V0440300,214225
[7458-11180],440309,111083,龙华区,深圳市,V0440300,2528872
[7458-11180],440310,23449,坪山区,深圳市,V0440300,551333
[7458-11180],440402,96116,香洲区,珠海市,V0440400,1384317
[7458-11180],440403,15876,斗门区,珠海市,V0440400,608899
[7458-11180],440404,19419,金湾区,珠海市,V0440400,446369
[7458-11180],440604,85548,禅城区,佛山市,V0440600,1330262
[7458-11180],440605,234251,南海区,佛山市,V0440600,3667247
[7458-11180],440606,127915,顺德区,佛山市,V0440600,3229090
[7458-11180],440607,27864,三水区,佛山市,V0440600,803226
[7458-11180],440608,18723,高明区,佛山市,V0440600,469038
[7458-11180],440703,36469,蓬江区,江门市,V0440700,853007
[7458-11180],440704,17103,江海区,江门市,V0440700,364694
[7458-11180],440705,28135,新会区,江门市,V0440700,909277
[7458-11180],440781,17275,台山市,江门市,V0440700,907744
[7458-11180],440783,18162,开平市,江门市,V0440700,748777
[7458-11180],440784,13550,鹤山市,江门市,V0440700,530684
[7458-11180],440785,8209,恩平市,江门市,V0440700,483907
[7458-11180],441202,14835,端州区,肇庆市,V0441200,602402
[7458-11180],441203,6971,鼎湖区,肇庆市,V0441200,209116
[7458-11180],441204,15638,高要区,肇庆市,V0441200,741591
[7458-11180],441223,5621,广宁县,肇庆市,V0441200,408112
[7458-11180],441224,3689,怀集县,肇庆市,V0441200,805177
[7458-11180],441225,2282,封开县,肇庆市,V0441200,374848
[7458-11180],441226,2903,德庆县,肇庆市,V0441200,331438
[7458-11180],441284,15643,四会市,肇庆市,V0441200,640910
[7458-11180],441302,86760,惠城区,惠州市,V0441300,2090578
[7458-11180],441303,41764,惠阳区,惠州市,V0441300,1404137
[7458-11180],441322,21704,博罗县,惠州市,V0441300,1210878
[7458-11180],441323,11900,惠东县,惠州市,V0441300,1018076
[7458-11180],441324,3255,龙门县,惠州市,V0441300,319183
[7458-11180],442000,209535,中山市,中山市,V0442000,4418060
[18469-35640],441203,6703,鼎湖区,肇庆市,V0441200,209116
